date_key,full_date,year,quarter,month,month_name,day,day_of_week,day_name,is_weekend
20240704,2024-07-04,2024.0,3.0,7.0,July,4.0,4.0,Thursday,False
20240705,2024-07-05,2024.0,3.0,7.0,July,5.0,5.0,Friday,False
20240706,2024-07-06,2024.0,3.0,7.0,July,6.0,6.0,Saturday,True
20240707,2024-07-07,2024.0,3.0,7.0,July,7.0,7.0,Sunday,True
20240708,2024-07-08,2024.0,3.0,7.0,July,8.0,1.0,Monday,False
20240709,2024-07-09,2024.0,3.0,7.0,July,9.0,2.0,Tuesday,False
20240710,2024-07-10,2024.0,3.0,7.0,July,10.0,3.0,Wednesday,False
20240711,2024-07-11,2024.0,3.0,7.0,July,11.0,4.0,Thursday,False
20240712,2024-07-12,2024.0,3.0,7.0,July,12.0,5.0,Friday,False
20240713,2024-07-13,2024.0,3.0,7.0,July,13.0,6.0,Saturday,True
20240714,2024-07-14,2024.0,3.0,7.0,July,14.0,7.0,Sunday,True
20240715,2024-07-15,2024.0,3.0,7.0,July,15.0,1.0,Monday,False
20240716,2024-07-16,2024.0,3.0,7.0,July,16.0,2.0,Tuesday,False
20240717,2024-07-17,2024.0,3.0,7.0,July,17.0,3.0,Wednesday,False
20240718,2024-07-18,2024.0,3.0,7.0,July,18.0,4.0,Thursday,False
20240719,2024-07-19,2024.0,3.0,7.0,July,19.0,5.0,Friday,False
20240720,2024-07-20,2024.0,3.0,7.0,July,20.0,6.0,Saturday,True
20240721,2024-07-21,2024.0,3.0,7.0,July,21.0,7.0,Sunday,True
20240722,2024-07-22,2024.0,3.0,7.0,July,22.0,1.0,Monday,False
20240723,2024-07-23,2024.0,3.0,7.0,July,23.0,2.0,Tuesday,False
20240724,2024-07-24,2024.0,3.0,7.0,July,24.0,3.0,Wednesday,False
20240725,2024-07-25,2024.0,3.0,7.0,July,25.0,4.0,Thursday,False
20240726,2024-07-26,2024.0,3.0,7.0,July,26.0,5.0,Friday,False
20240727,2024-07-27,2024.0,3.0,7.0,July,27.0,6.0,Saturday,True
20240728,2024-07-28,2024.0,3.0,7.0,July,28.0,7.0,Sunday,True
20240729,2024-07-29,2024.0,3.0,7.0,July,29.0,1.0,Monday,False
20240730,2024-07-30,2024.0,3.0,7.0,July,30.0,2.0,Tuesday,False
20240731,2024-07-31,2024.0,3.0,7.0,July,31.0,3.0,Wednesday,False
20240801,2024-08-01,2024.0,3.0,8.0,August,1.0,4.0,Thursday,False
20240802,2024-08-02,2024.0,3.0,8.0,August,2.0,5.0,Friday,False
20240803,2024-08-03,2024.0,3.0,8.0,August,3.0,6.0,Saturday,True
20240804,2024-08-04,2024.0,3.0,8.0,August,4.0,7.0,Sunday,True
20240805,2024-08-05,2024.0,3.0,8.0,August,5.0,1.0,Monday,False
20240806,2024-08-06,2024.0,3.0,8.0,August,6.0,2.0,Tuesday,False
20240807,2024-08-07,2024.0,3.0,8.0,August,7.0,3.0,Wednesday,False
20240808,2024-08-08,2024.0,3.0,8.0,August,8.0,4.0,Thursday,False
20240809,2024-08-09,2024.0,3.0,8.0,August,9.0,5.0,Friday,False
20240810,2024-08-10,2024.0,3.0,8.0,August,10.0,6.0,Saturday,True
20240811,2024-08-11,2024.0,3.0,8.0,August,11.0,7.0,Sunday,True
20240812,2024-08-12,2024.0,3.0,8.0,August,12.0,1.0,Monday,False
20240813,2024-08-13,2024.0,3.0,8.0,August,13.0,2.0,Tuesday,False
20240814,2024-08-14,2024.0,3.0,8.0,August,14.0,3.0,Wednesday,False
20240815,2024-08-15,2024.0,3.0,8.0,August,15.0,4.0,Thursday,False
20240816,2024-08-16,2024.0,3.0,8.0,August,16.0,5.0,Friday,False
20240817,2024-08-17,2024.0,3.0,8.0,August,17.0,6.0,Saturday,True
20240818,2024-08-18,2024.0,3.0,8.0,August,18.0,7.0,Sunday,True
20240819,2024-08-19,2024.0,3.0,8.0,August,19.0,1.0,Monday,False
20240820,2024-08-20,2024.0,3.0,8.0,August,20.0,2.0,Tuesday,False
20240821,2024-08-21,2024.0,3.0,8.0,August,21.0,3.0,Wednesday,False
20240822,2024-08-22,2024.0,3.0,8.0,August,22.0,4.0,Thursday,False
20240823,2024-08-23,2024.0,3.0,8.0,August,23.0,5.0,Friday,False
20240824,2024-08-24,2024.0,3.0,8.0,August,24.0,6.0,Saturday,True
20240825,2024-08-25,2024.0,3.0,8.0,August,25.0,7.0,Sunday,True
20240826,2024-08-26,2024.0,3.0,8.0,August,26.0,1.0,Monday,False
20240827,2024-08-27,2024.0,3.0,8.0,August,27.0,2.0,Tuesday,False
20240828,2024-08-28,2024.0,3.0,8.0,August,28.0,3.0,Wednesday,False
20240829,2024-08-29,2024.0,3.0,8.0,August,29.0,4.0,Thursday,False
20240830,2024-08-30,2024.0,3.0,8.0,August,30.0,5.0,Friday,False
20240831,2024-08-31,2024.0,3.0,8.0,August,31.0,6.0,Saturday,True
20240901,2024-09-01,2024.0,3.0,9.0,September,1.0,7.0,Sunday,True
20240902,2024-09-02,2024.0,3.0,9.0,September,2.0,1.0,Monday,False
20240903,2024-09-03,2024.0,3.0,9.0,September,3.0,2.0,Tuesday,False
20240904,2024-09-04,2024.0,3.0,9.0,September,4.0,3.0,Wednesday,False
20240905,2024-09-05,2024.0,3.0,9.0,September,5.0,4.0,Thursday,False
20240906,2024-09-06,2024.0,3.0,9.0,September,6.0,5.0,Friday,False
20240907,2024-09-07,2024.0,3.0,9.0,September,7.0,6.0,Saturday,True
20240908,2024-09-08,2024.0,3.0,9.0,September,8.0,7.0,Sunday,True
20240909,2024-09-09,2024.0,3.0,9.0,September,9.0,1.0,Monday,False
20240910,2024-09-10,2024.0,3.0,9.0,September,10.0,2.0,Tuesday,False
20240911,2024-09-11,2024.0,3.0,9.0,September,11.0,3.0,Wednesday,False
20240912,2024-09-12,2024.0,3.0,9.0,September,12.0,4.0,Thursday,False
20240913,2024-09-13,2024.0,3.0,9.0,September,13.0,5.0,Friday,False
20240914,2024-09-14,2024.0,3.0,9.0,September,14.0,6.0,Saturday,True
20240915,2024-09-15,2024.0,3.0,9.0,September,15.0,7.0,Sunday,True
20240916,2024-09-16,2024.0,3.0,9.0,September,16.0,1.0,Monday,False
20240917,2024-09-17,2024.0,3.0,9.0,September,17.0,2.0,Tuesday,False
20240918,2024-09-18,2024.0,3.0,9.0,September,18.0,3.0,Wednesday,False
20240919,2024-09-19,2024.0,3.0,9.0,September,19.0,4.0,Thursday,False
20240920,2024-09-20,2024.0,3.0,9.0,September,20.0,5.0,Friday,False
20240921,2024-09-21,2024.0,3.0,9.0,September,21.0,6.0,Saturday,True
20240922,2024-09-22,2024.0,3.0,9.0,September,22.0,7.0,Sunday,True
20240923,2024-09-23,2024.0,3.0,9.0,September,23.0,1.0,Monday,False
20240924,2024-09-24,2024.0,3.0,9.0,September,24.0,2.0,Tuesday,False
20240925,2024-09-25,2024.0,3.0,9.0,September,25.0,3.0,Wednesday,False
20240926,2024-09-26,2024.0,3.0,9.0,September,26.0,4.0,Thursday,False
20240927,2024-09-27,2024.0,3.0,9.0,September,27.0,5.0,Friday,False
20240928,2024-09-28,2024.0,3.0,9.0,September,28.0,6.0,Saturday,True
20240929,2024-09-29,2024.0,3.0,9.0,September,29.0,7.0,Sunday,True
20240930,2024-09-30,2024.0,3.0,9.0,September,30.0,1.0,Monday,False
20241001,2024-10-01,2024.0,4.0,10.0,October,1.0,2.0,Tuesday,False
20241002,2024-10-02,2024.0,4.0,10.0,October,2.0,3.0,Wednesday,False
20241003,2024-10-03,2024.0,4.0,10.0,October,3.0,4.0,Thursday,False
20241004,2024-10-04,2024.0,4.0,10.0,October,4.0,5.0,Friday,False
20241005,2024-10-05,2024.0,4.0,10.0,October,5.0,6.0,Saturday,True
20241006,2024-10-06,2024.0,4.0,10.0,October,6.0,7.0,Sunday,True
20241007,2024-10-07,2024.0,4.0,10.0,October,7.0,1.0,Monday,False
20241008,2024-10-08,2024.0,4.0,10.0,October,8.0,2.0,Tuesday,False
20241009,2024-10-09,2024.0,4.0,10.0,October,9.0,3.0,Wednesday,False
20241010,2024-10-10,2024.0,4.0,10.0,October,10.0,4.0,Thursday,False
20241011,2024-10-11,2024.0,4.0,10.0,October,11.0,5.0,Friday,False
20241012,2024-10-12,2024.0,4.0,10.0,October,12.0,6.0,Saturday,True
20241013,2024-10-13,2024.0,4.0,10.0,October,13.0,7.0,Sunday,True
20241014,2024-10-14,2024.0,4.0,10.0,October,14.0,1.0,Monday,False
20241015,2024-10-15,2024.0,4.0,10.0,October,15.0,2.0,Tuesday,False
20241016,2024-10-16,2024.0,4.0,10.0,October,16.0,3.0,Wednesday,False
20241017,2024-10-17,2024.0,4.0,10.0,October,17.0,4.0,Thursday,False
20241018,2024-10-18,2024.0,4.0,10.0,October,18.0,5.0,Friday,False
20241019,2024-10-19,2024.0,4.0,10.0,October,19.0,6.0,Saturday,True
20241020,2024-10-20,2024.0,4.0,10.0,October,20.0,7.0,Sunday,True
20241021,2024-10-21,2024.0,4.0,10.0,October,21.0,1.0,Monday,False
20241022,2024-10-22,2024.0,4.0,10.0,October,22.0,2.0,Tuesday,False
20241023,2024-10-23,2024.0,4.0,10.0,October,23.0,3.0,Wednesday,False
20241024,2024-10-24,2024.0,4.0,10.0,October,24.0,4.0,Thursday,False
20241025,2024-10-25,2024.0,4.0,10.0,October,25.0,5.0,Friday,False
20241026,2024-10-26,2024.0,4.0,10.0,October,26.0,6.0,Saturday,True
20241027,2024-10-27,2024.0,4.0,10.0,October,27.0,7.0,Sunday,True
20241028,2024-10-28,2024.0,4.0,10.0,October,28.0,1.0,Monday,False
20241029,2024-10-29,2024.0,4.0,10.0,October,29.0,2.0,Tuesday,False
20241030,2024-10-30,2024.0,4.0,10.0,October,30.0,3.0,Wednesday,False
20241031,2024-10-31,2024.0,4.0,10.0,October,31.0,4.0,Thursday,False
20241101,2024-11-01,2024.0,4.0,11.0,November,1.0,5.0,Friday,False
20241102,2024-11-02,2024.0,4.0,11.0,November,2.0,6.0,Saturday,True
20241103,2024-11-03,2024.0,4.0,11.0,November,3.0,7.0,Sunday,True
20241104,2024-11-04,2024.0,4.0,11.0,November,4.0,1.0,Monday,False
20241105,2024-11-05,2024.0,4.0,11.0,November,5.0,2.0,Tuesday,False
20241106,2024-11-06,2024.0,4.0,11.0,November,6.0,3.0,Wednesday,False
20241107,2024-11-07,2024.0,4.0,11.0,November,7.0,4.0,Thursday,False
20241108,2024-11-08,2024.0,4.0,11.0,November,8.0,5.0,Friday,False
20241109,2024-11-09,2024.0,4.0,11.0,November,9.0,6.0,Saturday,True
20241110,2024-11-10,2024.0,4.0,11.0,November,10.0,7.0,Sunday,True
20241111,2024-11-11,2024.0,4.0,11.0,November,11.0,1.0,Monday,False
20241112,2024-11-12,2024.0,4.0,11.0,November,12.0,2.0,Tuesday,False
20241113,2024-11-13,2024.0,4.0,11.0,November,13.0,3.0,Wednesday,False
20241114,2024-11-14,2024.0,4.0,11.0,November,14.0,4.0,Thursday,False
20241115,2024-11-15,2024.0,4.0,11.0,November,15.0,5.0,Friday,False
20241116,2024-11-16,2024.0,4.0,11.0,November,16.0,6.0,Saturday,True
20241117,2024-11-17,2024.0,4.0,11.0,November,17.0,7.0,Sunday,True
20241118,2024-11-18,2024.0,4.0,11.0,November,18.0,1.0,Monday,False
20241119,2024-11-19,2024.0,4.0,11.0,November,19.0,2.0,Tuesday,False
20241120,2024-11-20,2024.0,4.0,11.0,November,20.0,3.0,Wednesday,False
20241121,2024-11-21,2024.0,4.0,11.0,November,21.0,4.0,Thursday,False
20241122,2024-11-22,2024.0,4.0,11.0,November,22.0,5.0,Friday,False
20241123,2024-11-23,2024.0,4.0,11.0,November,23.0,6.0,Saturday,True
20241124,2024-11-24,2024.0,4.0,11.0,November,24.0,7.0,Sunday,True
20241125,2024-11-25,2024.0,4.0,11.0,November,25.0,1.0,Monday,False
20241126,2024-11-26,2024.0,4.0,11.0,November,26.0,2.0,Tuesday,False
20241127,2024-11-27,2024.0,4.0,11.0,November,27.0,3.0,Wednesday,False
20241128,2024-11-28,2024.0,4.0,11.0,November,28.0,4.0,Thursday,False
20241129,2024-11-29,2024.0,4.0,11.0,November,29.0,5.0,Friday,False
20241130,2024-11-30,2024.0,4.0,11.0,November,30.0,6.0,Saturday,True
20241201,2024-12-01,2024.0,4.0,12.0,December,1.0,7.0,Sunday,True
20241202,2024-12-02,2024.0,4.0,12.0,December,2.0,1.0,Monday,False
20241203,2024-12-03,2024.0,4.0,12.0,December,3.0,2.0,Tuesday,False
20241204,2024-12-04,2024.0,4.0,12.0,December,4.0,3.0,Wednesday,False
20241205,2024-12-05,2024.0,4.0,12.0,December,5.0,4.0,Thursday,False
20241206,2024-12-06,2024.0,4.0,12.0,December,6.0,5.0,Friday,False
20241207,2024-12-07,2024.0,4.0,12.0,December,7.0,6.0,Saturday,True
20241208,2024-12-08,2024.0,4.0,12.0,December,8.0,7.0,Sunday,True
20241209,2024-12-09,2024.0,4.0,12.0,December,9.0,1.0,Monday,False
20241210,2024-12-10,2024.0,4.0,12.0,December,10.0,2.0,Tuesday,False
20241211,2024-12-11,2024.0,4.0,12.0,December,11.0,3.0,Wednesday,False
20241212,2024-12-12,2024.0,4.0,12.0,December,12.0,4.0,Thursday,False
20241213,2024-12-13,2024.0,4.0,12.0,December,13.0,5.0,Friday,False
20241214,2024-12-14,2024.0,4.0,12.0,December,14.0,6.0,Saturday,True
20241215,2024-12-15,2024.0,4.0,12.0,December,15.0,7.0,Sunday,True
20241216,2024-12-16,2024.0,4.0,12.0,December,16.0,1.0,Monday,False
20241217,2024-12-17,2024.0,4.0,12.0,December,17.0,2.0,Tuesday,False
20241218,2024-12-18,2024.0,4.0,12.0,December,18.0,3.0,Wednesday,False
20241219,2024-12-19,2024.0,4.0,12.0,December,19.0,4.0,Thursday,False
20241220,2024-12-20,2024.0,4.0,12.0,December,20.0,5.0,Friday,False
20241221,2024-12-21,2024.0,4.0,12.0,December,21.0,6.0,Saturday,True
20241222,2024-12-22,2024.0,4.0,12.0,December,22.0,7.0,Sunday,True
20241223,2024-12-23,2024.0,4.0,12.0,December,23.0,1.0,Monday,False
20241224,2024-12-24,2024.0,4.0,12.0,December,24.0,2.0,Tuesday,False
20241225,2024-12-25,2024.0,4.0,12.0,December,25.0,3.0,Wednesday,False
20241226,2024-12-26,2024.0,4.0,12.0,December,26.0,4.0,Thursday,False
20241227,2024-12-27,2024.0,4.0,12.0,December,27.0,5.0,Friday,False
20241228,2024-12-28,2024.0,4.0,12.0,December,28.0,6.0,Saturday,True
20241229,2024-12-29,2024.0,4.0,12.0,December,29.0,7.0,Sunday,True
20241230,2024-12-30,2024.0,4.0,12.0,December,30.0,1.0,Monday,False
20241231,2024-12-31,2024.0,4.0,12.0,December,31.0,2.0,Tuesday,False
20250101,2025-01-01,2025.0,1.0,1.0,January,1.0,3.0,Wednesday,False
20250102,2025-01-02,2025.0,1.0,1.0,January,2.0,4.0,Thursday,False
20250103,2025-01-03,2025.0,1.0,1.0,January,3.0,5.0,Friday,False
20250104,2025-01-04,2025.0,1.0,1.0,January,4.0,6.0,Saturday,True
20250105,2025-01-05,2025.0,1.0,1.0,January,5.0,7.0,Sunday,True
20250106,2025-01-06,2025.0,1.0,1.0,January,6.0,1.0,Monday,False
20250107,2025-01-07,2025.0,1.0,1.0,January,7.0,2.0,Tuesday,False
20250108,2025-01-08,2025.0,1.0,1.0,January,8.0,3.0,Wednesday,False
20250109,2025-01-09,2025.0,1.0,1.0,January,9.0,4.0,Thursday,False
20250110,2025-01-10,2025.0,1.0,1.0,January,10.0,5.0,Friday,False
20250111,2025-01-11,2025.0,1.0,1.0,January,11.0,6.0,Saturday,True
20250112,2025-01-12,2025.0,1.0,1.0,January,12.0,7.0,Sunday,True
20250113,2025-01-13,2025.0,1.0,1.0,January,13.0,1.0,Monday,False
20250114,2025-01-14,2025.0,1.0,1.0,January,14.0,2.0,Tuesday,False
20250115,2025-01-15,2025.0,1.0,1.0,January,15.0,3.0,Wednesday,False
20250116,2025-01-16,2025.0,1.0,1.0,January,16.0,4.0,Thursday,False
20250117,2025-01-17,2025.0,1.0,1.0,January,17.0,5.0,Friday,False
20250118,2025-01-18,2025.0,1.0,1.0,January,18.0,6.0,Saturday,True
20250119,2025-01-19,2025.0,1.0,1.0,January,19.0,7.0,Sunday,True
20250120,2025-01-20,2025.0,1.0,1.0,January,20.0,1.0,Monday,False
20250121,2025-01-21,2025.0,1.0,1.0,January,21.0,2.0,Tuesday,False
20250122,2025-01-22,2025.0,1.0,1.0,January,22.0,3.0,Wednesday,False
20250123,2025-01-23,2025.0,1.0,1.0,January,23.0,4.0,Thursday,False
20250124,2025-01-24,2025.0,1.0,1.0,January,24.0,5.0,Friday,False
20250125,2025-01-25,2025.0,1.0,1.0,January,25.0,6.0,Saturday,True
20250126,2025-01-26,2025.0,1.0,1.0,January,26.0,7.0,Sunday,True
20250127,2025-01-27,2025.0,1.0,1.0,January,27.0,1.0,Monday,False
20250128,2025-01-28,2025.0,1.0,1.0,January,28.0,2.0,Tuesday,False
20250129,2025-01-29,2025.0,1.0,1.0,January,29.0,3.0,Wednesday,False
20250130,2025-01-30,2025.0,1.0,1.0,January,30.0,4.0,Thursday,False
20250131,2025-01-31,2025.0,1.0,1.0,January,31.0,5.0,Friday,False
20250201,2025-02-01,2025.0,1.0,2.0,February,1.0,6.0,Saturday,True
20250202,2025-02-02,2025.0,1.0,2.0,February,2.0,7.0,Sunday,True
20250203,2025-02-03,2025.0,1.0,2.0,February,3.0,1.0,Monday,False
20250204,2025-02-04,2025.0,1.0,2.0,February,4.0,2.0,Tuesday,False
20250205,2025-02-05,2025.0,1.0,2.0,February,5.0,3.0,Wednesday,False
20250206,2025-02-06,2025.0,1.0,2.0,February,6.0,4.0,Thursday,False
20250207,2025-02-07,2025.0,1.0,2.0,February,7.0,5.0,Friday,False
20250208,2025-02-08,2025.0,1.0,2.0,February,8.0,6.0,Saturday,True
20250209,2025-02-09,2025.0,1.0,2.0,February,9.0,7.0,Sunday,True
20250210,2025-02-10,2025.0,1.0,2.0,February,10.0,1.0,Monday,False
20250211,2025-02-11,2025.0,1.0,2.0,February,11.0,2.0,Tuesday,False
20250212,2025-02-12,2025.0,1.0,2.0,February,12.0,3.0,Wednesday,False
20250213,2025-02-13,2025.0,1.0,2.0,February,13.0,4.0,Thursday,False
20250214,2025-02-14,2025.0,1.0,2.0,February,14.0,5.0,Friday,False
20250215,2025-02-15,2025.0,1.0,2.0,February,15.0,6.0,Saturday,True
20250216,2025-02-16,2025.0,1.0,2.0,February,16.0,7.0,Sunday,True
20250217,2025-02-17,2025.0,1.0,2.0,February,17.0,1.0,Monday,False
20250218,2025-02-18,2025.0,1.0,2.0,February,18.0,2.0,Tuesday,False
20250219,2025-02-19,2025.0,1.0,2.0,February,19.0,3.0,Wednesday,False
20250220,2025-02-20,2025.0,1.0,2.0,February,20.0,4.0,Thursday,False
20250221,2025-02-21,2025.0,1.0,2.0,February,21.0,5.0,Friday,False
20250222,2025-02-22,2025.0,1.0,2.0,February,22.0,6.0,Saturday,True
20250223,2025-02-23,2025.0,1.0,2.0,February,23.0,7.0,Sunday,True
20250224,2025-02-24,2025.0,1.0,2.0,February,24.0,1.0,Monday,False
20250225,2025-02-25,2025.0,1.0,2.0,February,25.0,2.0,Tuesday,False
20250226,2025-02-26,2025.0,1.0,2.0,February,26.0,3.0,Wednesday,False
20250227,2025-02-27,2025.0,1.0,2.0,February,27.0,4.0,Thursday,False
20250228,2025-02-28,2025.0,1.0,2.0,February,28.0,5.0,Friday,False
20250301,2025-03-01,2025.0,1.0,3.0,March,1.0,6.0,Saturday,True
20250302,2025-03-02,2025.0,1.0,3.0,March,2.0,7.0,Sunday,True
20250303,2025-03-03,2025.0,1.0,3.0,March,3.0,1.0,Monday,False
20250304,2025-03-04,2025.0,1.0,3.0,March,4.0,2.0,Tuesday,False
20250305,2025-03-05,2025.0,1.0,3.0,March,5.0,3.0,Wednesday,False
20250306,2025-03-06,2025.0,1.0,3.0,March,6.0,4.0,Thursday,False
20250307,2025-03-07,2025.0,1.0,3.0,March,7.0,5.0,Friday,False
20250308,2025-03-08,2025.0,1.0,3.0,March,8.0,6.0,Saturday,True
20250309,2025-03-09,2025.0,1.0,3.0,March,9.0,7.0,Sunday,True
20250310,2025-03-10,2025.0,1.0,3.0,March,10.0,1.0,Monday,False
20250311,2025-03-11,2025.0,1.0,3.0,March,11.0,2.0,Tuesday,False
20250312,2025-03-12,2025.0,1.0,3.0,March,12.0,3.0,Wednesday,False
20250313,2025-03-13,2025.0,1.0,3.0,March,13.0,4.0,Thursday,False
20250314,2025-03-14,2025.0,1.0,3.0,March,14.0,5.0,Friday,False
20250315,2025-03-15,2025.0,1.0,3.0,March,15.0,6.0,Saturday,True
20250316,2025-03-16,2025.0,1.0,3.0,March,16.0,7.0,Sunday,True
20250317,2025-03-17,2025.0,1.0,3.0,March,17.0,1.0,Monday,False
20250318,2025-03-18,2025.0,1.0,3.0,March,18.0,2.0,Tuesday,False
20250319,2025-03-19,2025.0,1.0,3.0,March,19.0,3.0,Wednesday,False
20250320,2025-03-20,2025.0,1.0,3.0,March,20.0,4.0,Thursday,False
20250321,2025-03-21,2025.0,1.0,3.0,March,21.0,5.0,Friday,False
20250322,2025-03-22,2025.0,1.0,3.0,March,22.0,6.0,Saturday,True
20250323,2025-03-23,2025.0,1.0,3.0,March,23.0,7.0,Sunday,True
20250324,2025-03-24,2025.0,1.0,3.0,March,24.0,1.0,Monday,False
20250325,2025-03-25,2025.0,1.0,3.0,March,25.0,2.0,Tuesday,False
20250326,2025-03-26,2025.0,1.0,3.0,March,26.0,3.0,Wednesday,False
20250327,2025-03-27,2025.0,1.0,3.0,March,27.0,4.0,Thursday,False
20250328,2025-03-28,2025.0,1.0,3.0,March,28.0,5.0,Friday,False
20250329,2025-03-29,2025.0,1.0,3.0,March,29.0,6.0,Saturday,True
20250330,2025-03-30,2025.0,1.0,3.0,March,30.0,7.0,Sunday,True
20250331,2025-03-31,2025.0,1.0,3.0,March,31.0,1.0,Monday,False
20250401,2025-04-01,2025.0,2.0,4.0,April,1.0,2.0,Tuesday,False
20250402,2025-04-02,2025.0,2.0,4.0,April,2.0,3.0,Wednesday,False
20250403,2025-04-03,2025.0,2.0,4.0,April,3.0,4.0,Thursday,False
20250404,2025-04-04,2025.0,2.0,4.0,April,4.0,5.0,Friday,False
20250405,2025-04-05,2025.0,2.0,4.0,April,5.0,6.0,Saturday,True
20250406,2025-04-06,2025.0,2.0,4.0,April,6.0,7.0,Sunday,True
20250407,2025-04-07,2025.0,2.0,4.0,April,7.0,1.0,Monday,False
20250408,2025-04-08,2025.0,2.0,4.0,April,8.0,2.0,Tuesday,False
20250409,2025-04-09,2025.0,2.0,4.0,April,9.0,3.0,Wednesday,False
20250410,2025-04-10,2025.0,2.0,4.0,April,10.0,4.0,Thursday,False
20250411,2025-04-11,2025.0,2.0,4.0,April,11.0,5.0,Friday,False
20250412,2025-04-12,2025.0,2.0,4.0,April,12.0,6.0,Saturday,True
20250413,2025-04-13,2025.0,2.0,4.0,April,13.0,7.0,Sunday,True
20250414,2025-04-14,2025.0,2.0,4.0,April,14.0,1.0,Monday,False
20250415,2025-04-15,2025.0,2.0,4.0,April,15.0,2.0,Tuesday,False
20250416,2025-04-16,2025.0,2.0,4.0,April,16.0,3.0,Wednesday,False
20250417,2025-04-17,2025.0,2.0,4.0,April,17.0,4.0,Thursday,False
20250418,2025-04-18,2025.0,2.0,4.0,April,18.0,5.0,Friday,False
20250419,2025-04-19,2025.0,2.0,4.0,April,19.0,6.0,Saturday,True
20250420,2025-04-20,2025.0,2.0,4.0,April,20.0,7.0,Sunday,True
20250421,2025-04-21,2025.0,2.0,4.0,April,21.0,1.0,Monday,False
20250422,2025-04-22,2025.0,2.0,4.0,April,22.0,2.0,Tuesday,False
20250423,2025-04-23,2025.0,2.0,4.0,April,23.0,3.0,Wednesday,False
20250424,2025-04-24,2025.0,2.0,4.0,April,24.0,4.0,Thursday,False
20250425,2025-04-25,2025.0,2.0,4.0,April,25.0,5.0,Friday,False
20250426,2025-04-26,2025.0,2.0,4.0,April,26.0,6.0,Saturday,True
20250427,2025-04-27,2025.0,2.0,4.0,April,27.0,7.0,Sunday,True
20250428,2025-04-28,2025.0,2.0,4.0,April,28.0,1.0,Monday,False
20250429,2025-04-29,2025.0,2.0,4.0,April,29.0,2.0,Tuesday,False
20250430,2025-04-30,2025.0,2.0,4.0,April,30.0,3.0,Wednesday,False
20250501,2025-05-01,2025.0,2.0,5.0,May,1.0,4.0,Thursday,False
20250502,2025-05-02,2025.0,2.0,5.0,May,2.0,5.0,Friday,False
20250503,2025-05-03,2025.0,2.0,5.0,May,3.0,6.0,Saturday,True
20250504,2025-05-04,2025.0,2.0,5.0,May,4.0,7.0,Sunday,True
20250505,2025-05-05,2025.0,2.0,5.0,May,5.0,1.0,Monday,False
20250506,2025-05-06,2025.0,2.0,5.0,May,6.0,2.0,Tuesday,False
20250507,2025-05-07,2025.0,2.0,5.0,May,7.0,3.0,Wednesday,False
20250508,2025-05-08,2025.0,2.0,5.0,May,8.0,4.0,Thursday,False
20250509,2025-05-09,2025.0,2.0,5.0,May,9.0,5.0,Friday,False
20250510,2025-05-10,2025.0,2.0,5.0,May,10.0,6.0,Saturday,True
20250511,2025-05-11,2025.0,2.0,5.0,May,11.0,7.0,Sunday,True
20250512,2025-05-12,2025.0,2.0,5.0,May,12.0,1.0,Monday,False
20250513,2025-05-13,2025.0,2.0,5.0,May,13.0,2.0,Tuesday,False
20250514,2025-05-14,2025.0,2.0,5.0,May,14.0,3.0,Wednesday,False
20250515,2025-05-15,2025.0,2.0,5.0,May,15.0,4.0,Thursday,False
20250516,2025-05-16,2025.0,2.0,5.0,May,16.0,5.0,Friday,False
20250517,2025-05-17,2025.0,2.0,5.0,May,17.0,6.0,Saturday,True
20250518,2025-05-18,2025.0,2.0,5.0,May,18.0,7.0,Sunday,True
20250519,2025-05-19,2025.0,2.0,5.0,May,19.0,1.0,Monday,False
20250520,2025-05-20,2025.0,2.0,5.0,May,20.0,2.0,Tuesday,False
20250521,2025-05-21,2025.0,2.0,5.0,May,21.0,3.0,Wednesday,False
20250522,2025-05-22,2025.0,2.0,5.0,May,22.0,4.0,Thursday,False
20250523,2025-05-23,2025.0,2.0,5.0,May,23.0,5.0,Friday,False
20250524,2025-05-24,2025.0,2.0,5.0,May,24.0,6.0,Saturday,True
20250525,2025-05-25,2025.0,2.0,5.0,May,25.0,7.0,Sunday,True
20250526,2025-05-26,2025.0,2.0,5.0,May,26.0,1.0,Monday,False
20250527,2025-05-27,2025.0,2.0,5.0,May,27.0,2.0,Tuesday,False
20250528,2025-05-28,2025.0,2.0,5.0,May,28.0,3.0,Wednesday,False
20250529,2025-05-29,2025.0,2.0,5.0,May,29.0,4.0,Thursday,False
20250530,2025-05-30,2025.0,2.0,5.0,May,30.0,5.0,Friday,False
20250531,2025-05-31,2025.0,2.0,5.0,May,31.0,6.0,Saturday,True
20250601,2025-06-01,2025.0,2.0,6.0,June,1.0,7.0,Sunday,True
20250602,2025-06-02,2025.0,2.0,6.0,June,2.0,1.0,Monday,False
20250603,2025-06-03,2025.0,2.0,6.0,June,3.0,2.0,Tuesday,False
20250604,2025-06-04,2025.0,2.0,6.0,June,4.0,3.0,Wednesday,False
20250605,2025-06-05,2025.0,2.0,6.0,June,5.0,4.0,Thursday,False
20250606,2025-06-06,2025.0,2.0,6.0,June,6.0,5.0,Friday,False
20250607,2025-06-07,2025.0,2.0,6.0,June,7.0,6.0,Saturday,True
20250608,2025-06-08,2025.0,2.0,6.0,June,8.0,7.0,Sunday,True
20250609,2025-06-09,2025.0,2.0,6.0,June,9.0,1.0,Monday,False
20250610,2025-06-10,2025.0,2.0,6.0,June,10.0,2.0,Tuesday,False
20250611,2025-06-11,2025.0,2.0,6.0,June,11.0,3.0,Wednesday,False
20250612,2025-06-12,2025.0,2.0,6.0,June,12.0,4.0,Thursday,False
20250613,2025-06-13,2025.0,2.0,6.0,June,13.0,5.0,Friday,False
20250614,2025-06-14,2025.0,2.0,6.0,June,14.0,6.0,Saturday,True
20250615,2025-06-15,2025.0,2.0,6.0,June,15.0,7.0,Sunday,True
20250616,2025-06-16,2025.0,2.0,6.0,June,16.0,1.0,Monday,False
20250617,2025-06-17,2025.0,2.0,6.0,June,17.0,2.0,Tuesday,False
20250618,2025-06-18,2025.0,2.0,6.0,June,18.0,3.0,Wednesday,False
20250619,2025-06-19,2025.0,2.0,6.0,June,19.0,4.0,Thursday,False
20250620,2025-06-20,2025.0,2.0,6.0,June,20.0,5.0,Friday,False
20250621,2025-06-21,2025.0,2.0,6.0,June,21.0,6.0,Saturday,True
20250622,2025-06-22,2025.0,2.0,6.0,June,22.0,7.0,Sunday,True
20250623,2025-06-23,2025.0,2.0,6.0,June,23.0,1.0,Monday,False
20250624,2025-06-24,2025.0,2.0,6.0,June,24.0,2.0,Tuesday,False
20250625,2025-06-25,2025.0,2.0,6.0,June,25.0,3.0,Wednesday,False
20250626,2025-06-26,2025.0,2.0,6.0,June,26.0,4.0,Thursday,False
20250627,2025-06-27,2025.0,2.0,6.0,June,27.0,5.0,Friday,False
20250628,2025-06-28,2025.0,2.0,6.0,June,28.0,6.0,Saturday,True
20250629,2025-06-29,2025.0,2.0,6.0,June,29.0,7.0,Sunday,True
20250630,2025-06-30,2025.0,2.0,6.0,June,30.0,1.0,Monday,False
20250701,2025-07-01,2025.0,3.0,7.0,July,1.0,2.0,Tuesday,False
20250702,2025-07-02,2025.0,3.0,7.0,July,2.0,3.0,Wednesday,False
20250703,2025-07-03,2025.0,3.0,7.0,July,3.0,4.0,Thursday,False
20250704,2025-07-04,2025.0,3.0,7.0,July,4.0,5.0,Friday,False
20250705,2025-07-05,2025.0,3.0,7.0,July,5.0,6.0,Saturday,True
20250706,2025-07-06,2025.0,3.0,7.0,July,6.0,7.0,Sunday,True
20250707,2025-07-07,2025.0,3.0,7.0,July,7.0,1.0,Monday,False
20250708,2025-07-08,2025.0,3.0,7.0,July,8.0,2.0,Tuesday,False
20250709,2025-07-09,2025.0,3.0,7.0,July,9.0,3.0,Wednesday,False
20250710,2025-07-10,2025.0,3.0,7.0,July,10.0,4.0,Thursday,False
20250711,2025-07-11,2025.0,3.0,7.0,July,11.0,5.0,Friday,False
20250712,2025-07-12,2025.0,3.0,7.0,July,12.0,6.0,Saturday,True
20250713,2025-07-13,2025.0,3.0,7.0,July,13.0,7.0,Sunday,True
20250714,2025-07-14,2025.0,3.0,7.0,July,14.0,1.0,Monday,False
20250715,2025-07-15,2025.0,3.0,7.0,July,15.0,2.0,Tuesday,False
20250716,2025-07-16,2025.0,3.0,7.0,July,16.0,3.0,Wednesday,False
20250717,2025-07-17,2025.0,3.0,7.0,July,17.0,4.0,Thursday,False
20250718,2025-07-18,2025.0,3.0,7.0,July,18.0,5.0,Friday,False
20250719,2025-07-19,2025.0,3.0,7.0,July,19.0,6.0,Saturday,True
20250720,2025-07-20,2025.0,3.0,7.0,July,20.0,7.0,Sunday,True
20250721,2025-07-21,2025.0,3.0,7.0,July,21.0,1.0,Monday,False
20250722,2025-07-22,2025.0,3.0,7.0,July,22.0,2.0,Tuesday,False
20250723,2025-07-23,2025.0,3.0,7.0,July,23.0,3.0,Wednesday,False
20250724,2025-07-24,2025.0,3.0,7.0,July,24.0,4.0,Thursday,False
20250725,2025-07-25,2025.0,3.0,7.0,July,25.0,5.0,Friday,False
20250726,2025-07-26,2025.0,3.0,7.0,July,26.0,6.0,Saturday,True
20250727,2025-07-27,2025.0,3.0,7.0,July,27.0,7.0,Sunday,True
20250728,2025-07-28,2025.0,3.0,7.0,July,28.0,1.0,Monday,False
20250729,2025-07-29,2025.0,3.0,7.0,July,29.0,2.0,Tuesday,False
20250730,2025-07-30,2025.0,3.0,7.0,July,30.0,3.0,Wednesday,False
20250731,2025-07-31,2025.0,3.0,7.0,July,31.0,4.0,Thursday,False
20250801,2025-08-01,2025.0,3.0,8.0,August,1.0,5.0,Friday,False
20250802,2025-08-02,2025.0,3.0,8.0,August,2.0,6.0,Saturday,True
20250803,2025-08-03,2025.0,3.0,8.0,August,3.0,7.0,Sunday,True
-1,,,,,Unknown,,,Unknown,
